<?xml version="1.0" encoding="UTF-8"?>
<beans xmlns="http://www.springframework.org/schema/beans"
       xmlns:util="http://www.springframework.org/schema/util"
       xmlns:context="http://www.springframework.org/schema/context"
       xmlns:xsi="http://www.w3.org/2001/XMLSchema-instance" xmlns:tx="http://www.springframework.org/schema/tx"
       xmlns:aop="http://www.springframework.org/schema/aop"
       xsi:schemaLocation="http://www.springframework.org/schema/beans http://www.springframework.org/schema/beans/spring-beans-3.1.xsd
       http://www.springframework.org/schema/tx http://www.springframework.org/schema/tx/spring-tx-3.0.xsd
    	http://www.springframework.org/schema/util http://www.springframework.org/schema/util/spring-util-3.1.xsd
    	http://www.springframework.org/schema/context http://www.springframework.org/schema/context/spring-context-3.1.xsd">

    <context:annotation-config />
    <context:component-scan base-package="com.argo.qpush.core"/>

    <bean id="jdbcConfig" class="org.springframework.beans.factory.config.PropertiesFactoryBean">
        <property name="locations">
            <list>
                <value>classpath:jdbc.properties</value>
            </list>
        </property>
    </bean>

    <!-- BoneCP configuration -->
    <bean id="mainDataSource" class="com.argo.qpush.core.beans.JdbcDatasourceFactoryBean">
        <property name="jdbcConfig" ref="jdbcConfig" />
    </bean>

    <bean id="mainJdbc" class="org.springframework.jdbc.core.JdbcTemplate">
        <constructor-arg ref="mainDataSource" />
    </bean>

    <bean id="mainJdbcNamed" class="org.springframework.jdbc.core.namedparam.NamedParameterJdbcTemplate">
        <constructor-arg ref="mainDataSource" />
    </bean>

    <!-- enable the configuration of transactional behavior based on annotations -->
    <tx:annotation-driven transaction-manager="txManager"/>

    <!-- a PlatformTransactionManager is still required -->
    <bean id="txManager" class="org.springframework.jdbc.datasource.DataSourceTransactionManager">
        <!-- (this dependency is defined somewhere else) -->
        <property name="dataSource" ref="mainDataSource"/>
        <qualifier value="txMain"/>
    </bean>

</beans>
